{"cameraMode":{"drawMode":0,"name":"Shaded","section":"Shading Mode"},"sceneLighting":true,"audioPlay":false,"sceneViewState":{"m_AlwaysRefresh":false,"showFog":true,"showSkybox":true,"showFlares":true,"showImageEffects":true,"showParticleSystems":true,"showVisualEffectGraphs":true,"m_FxEnabled":true},"in2DMode":false,"pivot":{"x":70.46891021728516,"y":2.1258838176727297,"z":-1.6868691444396973},"rotation":{"x":0.00017155428940895945,"y":-0.9996412992477417,"z":-0.02760200761258602,"w":-0.011697350069880486},"size":2.3787646293640138,"orthographic":true}