{"cameraMode":{"drawMode":0,"name":"Shaded","section":"Shading Mode"},"sceneLighting":true,"audioPlay":false,"sceneViewState":{"m_AlwaysRefresh":false,"showFog":true,"showSkybox":true,"showFlares":true,"showImageEffects":true,"showParticleSystems":true,"showVisualEffectGraphs":true,"m_FxEnabled":true},"in2DMode":false,"pivot":{"x":-0.20989811420440675,"y":0.6286189556121826,"z":6.160685062408447},"rotation":{"x":0.05515028163790703,"y":-0.030560635030269624,"z":-0.001597405644133687,"w":-0.9981647729873657},"size":1.1037068367004395,"orthographic":false}